MAEHDYHEDYGFSSFNDSSQEEHQDFLQFSKVFLPCMYLVVFVCGLVGNSLVLVISIFYHKLQSLTDVFLVNLPLADLVFVCTLPFWAYAGIHEWVFGQVMCKSLLGIYTINFYTSMLILTCITVDRFIVVVKATKAYNQQAKRMTWGKVTSLLIWVISLLVSLPQIIYGNVFNLDKLICGYHDEAISTVVLATQMTLGFFLPLLTMIVCYSVIIKTLLHAGGFQKHRSLKIIFLVMAVFLLTQMPFNLMKFIRSTHWEYYAMTSFHYTIMVTEAIAYLRACLNPVLYAFVSLKFRKNFWKLVKDIGCLPYLGVSHQWKSSEDNSKTFSASHNVEATSMFQL,GAGTATCTGGATGTCTTGGATTTTCTTCCCATTCTGTTCTGTTCTGTTCTCCTAATACCATCTCGTTACTAGACGTAGGCATTGGACGTGACAATCAACTGCATTTGAACTGAGAAGAAGAAATATTAAAGACACAGTCTTCAGAAGAAATGGCTCAAAGGCAGCCTCACTCACCTAATCAGACTTTAATTTCAATCACAAATGACACAGAATCATCAAGCTCTGTGGTTTCTAACGATAACACAAATAAAGGATGGAGCGGGGACAACTCTCCAGGAATAGAAGCATTGTGTGCCATCTATATTACTTATGCTGTGATCATTTCAGTGGGCATCCTTGGAAATGCTATTCTCATCAAAGTCTTTTTCAAGACCAAATCCATGCAAACAGTTCCAAATATTTTCATCACCAGCCTGGCTTTTGGAGATCTTTTACTTCTGCTAACTTGTGTGCCAGTGGATGCAACTCACTACCTTGCAGAAGGATGGCTGTTCGGAAGAATTGGTTGTAAGGTGCTCTCTTTCATCCGGCTCACTTCTGTTGGTGTGTCAGTGTTCACATTAACAATTCTCAGCGCTGACAGATACAAGGCAGTTGTGAAGCCACTTGAGCGACAGCCCTCCAATGCCATCCTGAAGACTTGTGTAAAAGCTGGCTGCGTCTGGATCGTGTCTATGATATTTGCTCTACCTGAGGCTATATTTTCAAATGTATACACTTTTCGAGATCCCAATAAAAATATGACATTTGAATCATGTACCTCTTATCCTGTCTCTAAGAAGCTCTTGCAAGAAATACATTCTCTGCTGTGCTTCTTAGTGTTCTACATTATTCCACTCTCTATTATCTCTGTCTACTATTCCTTGATTGCTAGGACCCTTTACAAAAGCACCCTGAACATACCTACTGAGGAACAAAGCCATGCCCGTAAGCAGATTGAATCCCGAAAGAGAATTGCCAGAACGGTATTGGTGTTGGTGGCTCTGTTTGCCCTCTGCTGGTTGCCAAATCACCTCCTGTACCTCTACCATTCATTCACTTCTCAAACCTATGTAGACCCCTCTGCCATGCATTTCATTTTCACCATTTTCTCTCGGGTTTTGGCTTTCAGCAATTCTTGCGTAAACCCCTTTGCTCTCTACTGGCTGAGCAAAAGCTTCCAGAAGCATTTTAAAGCTCAGTTGTTCTGTTGCAAGGCGGAGCGGCCTGAGCCTCCTGTTGCTGACACCTCTCTTACCACCCTGGCTGTGATGGGAACGGTCCCGGGCACTGGGAGCATACAGATGTCTGAAATTAGTGTGACCTCGTTCACTGGGTGTAGTGTGAAGCAGGCAGAGGACAGATTCTAGCTTTTCAAGGAAAAATGCTGCTTCTCCTCCCAGCGTGTGTATCCGACTCTAAGCTGTGTGCAGG
MVFLSGNASDSSNCTQPPAPVNISKAILLGVILGGLILFGVLGNILVILSVACHRHLHSVTHYYIVNLAVADLLLTSTVLPFSAIFEVLGYWAFGRVFCNIWAAVDVLCCTASIMGLCIISIDRYIGVSYPLRYPTIVTQRRGLMALLCVWALSLVISIGPLFGWRQPAPEDETICQINEEPGYVLFSALGSFYLPLAIILVMYCRVYVVAKRESRGLKSGLKTDKSDSEQVTLRIHRKNAPAGGSGMASAKTKTHFSVRLLKFSREKKAAKTLGIVVGCFVLCWLPFFLVMPIGSFFPDFKPSETVFKIVFWLGYLNSCINPIIYPCSSQEFKKAFQNVLRIQCLCRKQSSKHALGYTLHPPSQAVEGQHKDMVRIPVGSRETFYRISKTDGVCEWKFFSSMPRGSARITVSKDQSSCTTARVRSKSFLQVCCCVGPSTPSLDKNHQVPTIKVHTISLSENGEEV,GAGTATCTGGATGTCTTGGATTTTCTTCCCATTCTGTTCTGTTCTGTTCTCCTAATACCATCTCGTTACTAGACGTAGGCATTGGACGTGACAATCAACTGCATTTGAACTGAGAAGAAGAAATATTAAAGACACAGTCTTCAGAAGAAATGGCTCAAAGGCAGCCTCACTCACCTAATCAGACTTTAATTTCAATCACAAATGACACAGAATCATCAAGCTCTGTGGTTTCTAACGATAACACAAATAAAGGATGGAGCGGGGACAACTCTCCAGGAATAGAAGCATTGTGTGCCATCTATATTACTTATGCTGTGATCATTTCAGTGGGCATCCTTGGAAATGCTATTCTCATCAAAGTCTTTTTCAAGACCAAATCCATGCAAACAGTTCCAAATATTTTCATCACCAGCCTGGCTTTTGGAGATCTTTTACTTCTGCTAACTTGTGTGCCAGTGGATGCAACTCACTACCTTGCAGAAGGATGGCTGTTCGGAAGAATTGGTTGTAAGGTGCTCTCTTTCATCCGGCTCACTTCTGTTGGTGTGTCAGTGTTCACATTAACAATTCTCAGCGCTGACAGATACAAGGCAGTTGTGAAGCCACTTGAGCGACAGCCCTCCAATGCCATCCTGAAGACTTGTGTAAAAGCTGGCTGCGTCTGGATCGTGTCTATGATATTTGCTCTACCTGAGGCTATATTTTCAAATGTATACACTTTTCGAGATCCCAATAAAAATATGACATTTGAATCATGTACCTCTTATCCTGTCTCTAAGAAGCTCTTGCAAGAAATACATTCTCTGCTGTGCTTCTTAGTGTTCTACATTATTCCACTCTCTATTATCTCTGTCTACTATTCCTTGATTGCTAGGACCCTTTACAAAAGCACCCTGAACATACCTACTGAGGAACAAAGCCATGCCCGTAAGCAGATTGAATCCCGAAAGAGAATTGCCAGAACGGTATTGGTGTTGGTGGCTCTGTTTGCCCTCTGCTGGTTGCCAAATCACCTCCTGTACCTCTACCATTCATTCACTTCTCAAACCTATGTAGACCCCTCTGCCATGCATTTCATTTTCACCATTTTCTCTCGGGTTTTGGCTTTCAGCAATTCTTGCGTAAACCCCTTTGCTCTCTACTGGCTGAGCAAAAGCTTCCAGAAGCATTTTAAAGCTCAGTTGTTCTGTTGCAAGGCGGAGCGGCCTGAGCCTCCTGTTGCTGACACCTCTCTTACCACCCTGGCTGTGATGGGAACGGTCCCGGGCACTGGGAGCATACAGATGTCTGAAATTAGTGTGACCTCGTTCACTGGGTGTAGTGTGAAGCAGGCAGAGGACAGATTCTAGCTTTTCAAGGAAAAATGCTGCTTCTCCTCCCAGCGTGTGTATCCGACTCTAAGCTGTGTGCAGG
MVFLSGNASDSSNCTQPPAPVNISKAILLGVILGGLILFGVLGNILVILSVACHRHLHSVTHYYIVNLAVADLLLTSTVLPFSAIFEVLGYWAFGRVFCNIWAAVDVLCCTASIMGLCIISIDRYIGVSYPLRYPTIVTQRRGLMALLCVWALSLVISIGPLFGWRQPAPEDETICQINEEPGYVLFSALGSFYLPLAIILVMYCRVYVVAKRESRGLKSGLKTDKSDSEQVTLRIHRKNAPAGGSGMASAKTKTHFSVRLLKFSREKKAAKTLGIVVGCFVLCWLPFFLVMPIGSFFPDFKPSETVFKIVFWLGYLNSCINPIIYPCSSQEFKKAFQNVLRIQCLCRKQSSKHALGYTLHPPSQAVEGQHKDMVRIPVGSRETFYRISKTDGVCEWKFFSSMPRGSARITVSKDQSSCTTARRGMDCRYFTKNCREHIKHVNFMMPPWRKGSEC,GAGTATCTGGATGTCTTGGATTTTCTTCCCATTCTGTTCTGTTCTGTTCTCCTAATACCATCTCGTTACTAGACGTAGGCATTGGACGTGACAATCAACTGCATTTGAACTGAGAAGAAGAAATATTAAAGACACAGTCTTCAGAAGAAATGGCTCAAAGGCAGCCTCACTCACCTAATCAGACTTTAATTTCAATCACAAATGACACAGAATCATCAAGCTCTGTGGTTTCTAACGATAACACAAATAAAGGATGGAGCGGGGACAACTCTCCAGGAATAGAAGCATTGTGTGCCATCTATATTACTTATGCTGTGATCATTTCAGTGGGCATCCTTGGAAATGCTATTCTCATCAAAGTCTTTTTCAAGACCAAATCCATGCAAACAGTTCCAAATATTTTCATCACCAGCCTGGCTTTTGGAGATCTTTTACTTCTGCTAACTTGTGTGCCAGTGGATGCAACTCACTACCTTGCAGAAGGATGGCTGTTCGGAAGAATTGGTTGTAAGGTGCTCTCTTTCATCCGGCTCACTTCTGTTGGTGTGTCAGTGTTCACATTAACAATTCTCAGCGCTGACAGATACAAGGCAGTTGTGAAGCCACTTGAGCGACAGCCCTCCAATGCCATCCTGAAGACTTGTGTAAAAGCTGGCTGCGTCTGGATCGTGTCTATGATATTTGCTCTACCTGAGGCTATATTTTCAAATGTATACACTTTTCGAGATCCCAATAAAAATATGACATTTGAATCATGTACCTCTTATCCTGTCTCTAAGAAGCTCTTGCAAGAAATACATTCTCTGCTGTGCTTCTTAGTGTTCTACATTATTCCACTCTCTATTATCTCTGTCTACTATTCCTTGATTGCTAGGACCCTTTACAAAAGCACCCTGAACATACCTACTGAGGAACAAAGCCATGCCCGTAAGCAGATTGAATCCCGAAAGAGAATTGCCAGAACGGTATTGGTGTTGGTGGCTCTGTTTGCCCTCTGCTGGTTGCCAAATCACCTCCTGTACCTCTACCATTCATTCACTTCTCAAACCTATGTAGACCCCTCTGCCATGCATTTCATTTTCACCATTTTCTCTCGGGTTTTGGCTTTCAGCAATTCTTGCGTAAACCCCTTTGCTCTCTACTGGCTGAGCAAAAGCTTCCAGAAGCATTTTAAAGCTCAGTTGTTCTGTTGCAAGGCGGAGCGGCCTGAGCCTCCTGTTGCTGACACCTCTCTTACCACCCTGGCTGTGATGGGAACGGTCCCGGGCACTGGGAGCATACAGATGTCTGAAATTAGTGTGACCTCGTTCACTGGGTGTAGTGTGAAGCAGGCAGAGGACAGATTCTAGCTTTTCAAGGAAAAATGCTGCTTCTCCTCCCAGCGTGTGTATCCGACTCTAAGCTGTGTGCAGG
MVFLSGNASDSSNCTQPPAPVNISKAILLGVILGGLILFGVLGNILVILSVACHRHLHSVTHYYIVNLAVADLLLTSTVLPFSAIFEVLGYWAFGRVFCNIWAAVDVLCCTASIMGLCIISIDRYIGVSYPLRYPTIVTQRRGLMALLCVWALSLVISIGPLFGWRQPAPEDETICQINEEPGYVLFSALGSFYLPLAIILVMYCRVYVVAKRESRGLKSGLKTDKSDSEQVTLRIHRKNAPAGGSGMASAKTKTHFSVRLLKFSREKKAAKTLGIVVGCFVLCWLPFFLVMPIGSFFPDFKPSETVFKIVFWLGYLNSCINPIIYPCSSQEFKKAFQNVLRIQCLCRKQSSKHALGYTLHPPSQAVEGQHKDMVRIPVGSRETFYRISKTDGVCEWKFFSSMPRGSARITVSKDQSSCTTARGHTPMT,GAGTATCTGGATGTCTTGGATTTTCTTCCCATTCTGTTCTGTTCTGTTCTCCTAATACCATCTCGTTACTAGACGTAGGCATTGGACGTGACAATCAACTGCATTTGAACTGAGAAGAAGAAATATTAAAGACACAGTCTTCAGAAGAAATGGCTCAAAGGCAGCCTCACTCACCTAATCAGACTTTAATTTCAATCACAAATGACACAGAATCATCAAGCTCTGTGGTTTCTAACGATAACACAAATAAAGGATGGAGCGGGGACAACTCTCCAGGAATAGAAGCATTGTGTGCCATCTATATTACTTATGCTGTGATCATTTCAGTGGGCATCCTTGGAAATGCTATTCTCATCAAAGTCTTTTTCAAGACCAAATCCATGCAAACAGTTCCAAATATTTTCATCACCAGCCTGGCTTTTGGAGATCTTTTACTTCTGCTAACTTGTGTGCCAGTGGATGCAACTCACTACCTTGCAGAAGGATGGCTGTTCGGAAGAATTGGTTGTAAGGTGCTCTCTTTCATCCGGCTCACTTCTGTTGGTGTGTCAGTGTTCACATTAACAATTCTCAGCGCTGACAGATACAAGGCAGTTGTGAAGCCACTTGAGCGACAGCCCTCCAATGCCATCCTGAAGACTTGTGTAAAAGCTGGCTGCGTCTGGATCGTGTCTATGATATTTGCTCTACCTGAGGCTATATTTTCAAATGTATACACTTTTCGAGATCCCAATAAAAATATGACATTTGAATCATGTACCTCTTATCCTGTCTCTAAGAAGCTCTTGCAAGAAATACATTCTCTGCTGTGCTTCTTAGTGTTCTACATTATTCCACTCTCTATTATCTCTGTCTACTATTCCTTGATTGCTAGGACCCTTTACAAAAGCACCCTGAACATACCTACTGAGGAACAAAGCCATGCCCGTAAGCAGATTGAATCCCGAAAGAGAATTGCCAGAACGGTATTGGTGTTGGTGGCTCTGTTTGCCCTCTGCTGGTTGCCAAATCACCTCCTGTACCTCTACCATTCATTCACTTCTCAAACCTATGTAGACCCCTCTGCCATGCATTTCATTTTCACCATTTTCTCTCGGGTTTTGGCTTTCAGCAATTCTTGCGTAAACCCCTTTGCTCTCTACTGGCTGAGCAAAAGCTTCCAGAAGCATTTTAAAGCTCAGTTGTTCTGTTGCAAGGCGGAGCGGCCTGAGCCTCCTGTTGCTGACACCTCTCTTACCACCCTGGCTGTGATGGGAACGGTCCCGGGCACTGGGAGCATACAGATGTCTGAAATTAGTGTGACCTCGTTCACTGGGTGTAGTGTGAAGCAGGCAGAGGACAGATTCTAGCTTTTCAAGGAAAAATGCTGCTTCTCCTCCCAGCGTGTGTATCCGACTCTAAGCTGTGTGCAGG
MSAPSTLPPGGEEGLGTAWPSAANASSAPAEAEEAVAGPGDARAAGMVAIQCIYALVCLVGLVGNALVIFVILRYAKMKTATNIYLLNLAVADELFMLSVPFVASSAALRHWPFGSVLCRAVLSVDGLNMFTSVFCLTVLSVDRYVAVVHPLRAATYRRPSVAKLINLGVWLASLLVTLPIAIFADTRPARGGQAVACNLQWPHPAWSAVFVVYTFLLGFLLPVLAIGLCYLLIVGKMRAVALRAGWQQRRRSEKKITRLVLMVVVVFVLCWMPFYVVQLLNLFVTSLDATVNHVSLILSYANSCANPILYGFLSDNFRRFFQRVLCLRCCLLEGAGGAEEEPLDYYATALKSKGGAGCMCPPLPCQQEALQPEPGRKRIPLTRTTTF,GAGTATCTGGATGTCTTGGATTTTCTTCCCATTCTGTTCTGTTCTGTTCTCCTAATACCATCTCGTTACTAGACGTAGGCATTGGACGTGACAATCAACTGCATTTGAACTGAGAAGAAGAAATATTAAAGACACAGTCTTCAGAAGAAATGGCTCAAAGGCAGCCTCACTCACCTAATCAGACTTTAATTTCAATCACAAATGACACAGAATCATCAAGCTCTGTGGTTTCTAACGATAACACAAATAAAGGATGGAGCGGGGACAACTCTCCAGGAATAGAAGCATTGTGTGCCATCTATATTACTTATGCTGTGATCATTTCAGTGGGCATCCTTGGAAATGCTATTCTCATCAAAGTCTTTTTCAAGACCAAATCCATGCAAACAGTTCCAAATATTTTCATCACCAGCCTGGCTTTTGGAGATCTTTTACTTCTGCTAACTTGTGTGCCAGTGGATGCAACTCACTACCTTGCAGAAGGATGGCTGTTCGGAAGAATTGGTTGTAAGGTGCTCTCTTTCATCCGGCTCACTTCTGTTGGTGTGTCAGTGTTCACATTAACAATTCTCAGCGCTGACAGATACAAGGCAGTTGTGAAGCCACTTGAGCGACAGCCCTCCAATGCCATCCTGAAGACTTGTGTAAAAGCTGGCTGCGTCTGGATCGTGTCTATGATATTTGCTCTACCTGAGGCTATATTTTCAAATGTATACACTTTTCGAGATCCCAATAAAAATATGACATTTGAATCATGTACCTCTTATCCTGTCTCTAAGAAGCTCTTGCAAGAAATACATTCTCTGCTGTGCTTCTTAGTGTTCTACATTATTCCACTCTCTATTATCTCTGTCTACTATTCCTTGATTGCTAGGACCCTTTACAAAAGCACCCTGAACATACCTACTGAGGAACAAAGCCATGCCCGTAAGCAGATTGAATCCCGAAAGAGAATTGCCAGAACGGTATTGGTGTTGGTGGCTCTGTTTGCCCTCTGCTGGTTGCCAAATCACCTCCTGTACCTCTACCATTCATTCACTTCTCAAACCTATGTAGACCCCTCTGCCATGCATTTCATTTTCACCATTTTCTCTCGGGTTTTGGCTTTCAGCAATTCTTGCGTAAACCCCTTTGCTCTCTACTGGCTGAGCAAAAGCTTCCAGAAGCATTTTAAAGCTCAGTTGTTCTGTTGCAAGGCGGAGCGGCCTGAGCCTCCTGTTGCTGACACCTCTCTTACCACCCTGGCTGTGATGGGAACGGTCCCGGGCACTGGGAGCATACAGATGTCTGAAATTAGTGTGACCTCGTTCACTGGGTGTAGTGTGAAGCAGGCAGAGGACAGATTCTAGCTTTTCAAGGAAAAATGCTGCTTCTCCTCCCAGCGTGTGTATCCGACTCTAAGCTGTGTGCAGG
MERKFMSLQPSISVSEMEPNGTFSNNNSRNCTIENFKREFFPIVYLIIFFWGVLGNGLSIYVFLQPYKKSTSVNVFMLNLAISDLLFISTLPFRADYYLRGSNWIFGDLACRIMSYSLYVNMYSSIYFLTVLSVVRFLAMVHPFRLLHVTSIRSAWILCGIIWILIMASSIMLLDSGSEQNGSVTSCLELNLYKIAKLQTMNYIALVVGCLLPFFTLSICYLLIIRVLLKVEVPESGLRVSHRKALTTIIITLIIFFLCFLPYHTLRTVHLTTWKVGLCKDRLHKALVITLALAAANACFNPLLYYFAGENFKDRLKSALRKGHPQKAKTKCVFPVSVWLRKETRV,GAGTATCTGGATGTCTTGGATTTTCTTCCCATTCTGTTCTGTTCTGTTCTCCTAATACCATCTCGTTACTAGACGTAGGCATTGGACGTGACAATCAACTGCATTTGAACTGAGAAGAAGAAATATTAAAGACACAGTCTTCAGAAGAAATGGCTCAAAGGCAGCCTCACTCACCTAATCAGACTTTAATTTCAATCACAAATGACACAGAATCATCAAGCTCTGTGGTTTCTAACGATAACACAAATAAAGGATGGAGCGGGGACAACTCTCCAGGAATAGAAGCATTGTGTGCCATCTATATTACTTATGCTGTGATCATTTCAGTGGGCATCCTTGGAAATGCTATTCTCATCAAAGTCTTTTTCAAGACCAAATCCATGCAAACAGTTCCAAATATTTTCATCACCAGCCTGGCTTTTGGAGATCTTTTACTTCTGCTAACTTGTGTGCCAGTGGATGCAACTCACTACCTTGCAGAAGGATGGCTGTTCGGAAGAATTGGTTGTAAGGTGCTCTCTTTCATCCGGCTCACTTCTGTTGGTGTGTCAGTGTTCACATTAACAATTCTCAGCGCTGACAGATACAAGGCAGTTGTGAAGCCACTTGAGCGACAGCCCTCCAATGCCATCCTGAAGACTTGTGTAAAAGCTGGCTGCGTCTGGATCGTGTCTATGATATTTGCTCTACCTGAGGCTATATTTTCAAATGTATACACTTTTCGAGATCCCAATAAAAATATGACATTTGAATCATGTACCTCTTATCCTGTCTCTAAGAAGCTCTTGCAAGAAATACATTCTCTGCTGTGCTTCTTAGTGTTCTACATTATTCCACTCTCTATTATCTCTGTCTACTATTCCTTGATTGCTAGGACCCTTTACAAAAGCACCCTGAACATACCTACTGAGGAACAAAGCCATGCCCGTAAGCAGATTGAATCCCGAAAGAGAATTGCCAGAACGGTATTGGTGTTGGTGGCTCTGTTTGCCCTCTGCTGGTTGCCAAATCACCTCCTGTACCTCTACCATTCATTCACTTCTCAAACCTATGTAGACCCCTCTGCCATGCATTTCATTTTCACCATTTTCTCTCGGGTTTTGGCTTTCAGCAATTCTTGCGTAAACCCCTTTGCTCTCTACTGGCTGAGCAAAAGCTTCCAGAAGCATTTTAAAGCTCAGTTGTTCTGTTGCAAGGCGGAGCGGCCTGAGCCTCCTGTTGCTGACACCTCTCTTACCACCCTGGCTGTGATGGGAACGGTCCCGGGCACTGGGAGCATACAGATGTCTGAAATTAGTGTGACCTCGTTCACTGGGTGTAGTGTGAAGCAGGCAGAGGACAGATTCTAGCTTTTCAAGGAAAAATGCTGCTTCTCCTCCCAGCGTGTGTATCCGACTCTAAGCTGTGTGCAGG
METLCLRASFWLALVGCVISDNPERYSTNLSNHVDDFTTFRGTELSFLVTTHQPTNLVLPSNGSMHNYCPQQTKITSAFKYINTVISCTIFIVGMVGNATLLRIIYQNKCMRNGPNALIASLALGDLIYVVIDLPINVFKLLAGRWPFDHNDFGVFLCKLFPFLQKSSVGITVLNLCALSVDRYRAVASWSRVQGIGIPLVTAIEIVSIWILSFILAIPEAIGFVMVPFEYRGEQHKTCMLNATSKFMEFYQDVKDWWLFGFYFCMPLVCTAIFYTLMTCEMLNRRNGSLRIALSEHLKQRREVAKTVFCLVVIFALCWFPLHLSRILKKTVYNEMDKNRCELLSFLLLMDYIGINLATMNSCINPIALYFVSKKFKNCFQSCLCCCCYQSKSLMTSVPMNGTSIQWKNHDQNNHNTDRSSHKDSMN,GAGTATCTGGATGTCTTGGATTTTCTTCCCATTCTGTTCTGTTCTGTTCTCCTAATACCATCTCGTTACTAGACGTAGGCATTGGACGTGACAATCAACTGCATTTGAACTGAGAAGAAGAAATATTAAAGACACAGTCTTCAGAAGAAATGGCTCAAAGGCAGCCTCACTCACCTAATCAGACTTTAATTTCAATCACAAATGACACAGAATCATCAAGCTCTGTGGTTTCTAACGATAACACAAATAAAGGATGGAGCGGGGACAACTCTCCAGGAATAGAAGCATTGTGTGCCATCTATATTACTTATGCTGTGATCATTTCAGTGGGCATCCTTGGAAATGCTATTCTCATCAAAGTCTTTTTCAAGACCAAATCCATGCAAACAGTTCCAAATATTTTCATCACCAGCCTGGCTTTTGGAGATCTTTTACTTCTGCTAACTTGTGTGCCAGTGGATGCAACTCACTACCTTGCAGAAGGATGGCTGTTCGGAAGAATTGGTTGTAAGGTGCTCTCTTTCATCCGGCTCACTTCTGTTGGTGTGTCAGTGTTCACATTAACAATTCTCAGCGCTGACAGATACAAGGCAGTTGTGAAGCCACTTGAGCGACAGCCCTCCAATGCCATCCTGAAGACTTGTGTAAAAGCTGGCTGCGTCTGGATCGTGTCTATGATATTTGCTCTACCTGAGGCTATATTTTCAAATGTATACACTTTTCGAGATCCCAATAAAAATATGACATTTGAATCATGTACCTCTTATCCTGTCTCTAAGAAGCTCTTGCAAGAAATACATTCTCTGCTGTGCTTCTTAGTGTTCTACATTATTCCACTCTCTATTATCTCTGTCTACTATTCCTTGATTGCTAGGACCCTTTACAAAAGCACCCTGAACATACCTACTGAGGAACAAAGCCATGCCCGTAAGCAGATTGAATCCCGAAAGAGAATTGCCAGAACGGTATTGGTGTTGGTGGCTCTGTTTGCCCTCTGCTGGTTGCCAAATCACCTCCTGTACCTCTACCATTCATTCACTTCTCAAACCTATGTAGACCCCTCTGCCATGCATTTCATTTTCACCATTTTCTCTCGGGTTTTGGCTTTCAGCAATTCTTGCGTAAACCCCTTTGCTCTCTACTGGCTGAGCAAAAGCTTCCAGAAGCATTTTAAAGCTCAGTTGTTCTGTTGCAAGGCGGAGCGGCCTGAGCCTCCTGTTGCTGACACCTCTCTTACCACCCTGGCTGTGATGGGAACGGTCCCGGGCACTGGGAGCATACAGATGTCTGAAATTAGTGTGACCTCGTTCACTGGGTGTAGTGTGAAGCAGGCAGAGGACAGATTCTAGCTTTTCAAGGAAAAATGCTGCTTCTCCTCCCAGCGTGTGTATCCGACTCTAAGCTGTGTGCAGG
MAQRQPHSPNQTLISITNDTESSSSVVSNDNTNKGWSGDNSPGIEALCAIYITYAVIISVGILGNAILIKVFFKTKSMQTVPNIFITSLAFGDLLLLLTCVPVDATHYLAEGWLFGRIGCKVLSFIRLTSVGVSVFTLTILSADRYKAVVKPLERQPSNAILKTCVKAGCVWIVSMIFALPEAIFSNVYTFRDPNKNMTFESCTSYPVSKKLLQEIHSLLCFLVFYIIPLSIISVYYSLIARTLYKSTLNIPTEEQSHARKQIESRKRIARTVLVLVALFALCWLPNHLLYLYHSFTSQTYVDPSAMHFIFTIFSRVLAFSNSCVNPFALYWLSKSFQKHFKAQLFCCKAERPEPPVADTSLTTLAVMGTVPGTGSIQMSEISVTSFTGCSVKQAEDRF,GAGTATCTGGATGTCTTGGATTTTCTTCCCATTCTGTTCTGTTCTGTTCTCCTAATACCATCTCGTTACTAGACGTAGGCATTGGACGTGACAATCAACTGCATTTGAACTGAGAAGAAGAAATATTAAAGACACAGTCTTCAGAAGAAATGGCTCAAAGGCAGCCTCACTCACCTAATCAGACTTTAATTTCAATCACAAATGACACAGAATCATCAAGCTCTGTGGTTTCTAACGATAACACAAATAAAGGATGGAGCGGGGACAACTCTCCAGGAATAGAAGCATTGTGTGCCATCTATATTACTTATGCTGTGATCATTTCAGTGGGCATCCTTGGAAATGCTATTCTCATCAAAGTCTTTTTCAAGACCAAATCCATGCAAACAGTTCCAAATATTTTCATCACCAGCCTGGCTTTTGGAGATCTTTTACTTCTGCTAACTTGTGTGCCAGTGGATGCAACTCACTACCTTGCAGAAGGATGGCTGTTCGGAAGAATTGGTTGTAAGGTGCTCTCTTTCATCCGGCTCACTTCTGTTGGTGTGTCAGTGTTCACATTAACAATTCTCAGCGCTGACAGATACAAGGCAGTTGTGAAGCCACTTGAGCGACAGCCCTCCAATGCCATCCTGAAGACTTGTGTAAAAGCTGGCTGCGTCTGGATCGTGTCTATGATATTTGCTCTACCTGAGGCTATATTTTCAAATGTATACACTTTTCGAGATCCCAATAAAAATATGACATTTGAATCATGTACCTCTTATCCTGTCTCTAAGAAGCTCTTGCAAGAAATACATTCTCTGCTGTGCTTCTTAGTGTTCTACATTATTCCACTCTCTATTATCTCTGTCTACTATTCCTTGATTGCTAGGACCCTTTACAAAAGCACCCTGAACATACCTACTGAGGAACAAAGCCATGCCCGTAAGCAGATTGAATCCCGAAAGAGAATTGCCAGAACGGTATTGGTGTTGGTGGCTCTGTTTGCCCTCTGCTGGTTGCCAAATCACCTCCTGTACCTCTACCATTCATTCACTTCTCAAACCTATGTAGACCCCTCTGCCATGCATTTCATTTTCACCATTTTCTCTCGGGTTTTGGCTTTCAGCAATTCTTGCGTAAACCCCTTTGCTCTCTACTGGCTGAGCAAAAGCTTCCAGAAGCATTTTAAAGCTCAGTTGTTCTGTTGCAAGGCGGAGCGGCCTGAGCCTCCTGTTGCTGACACCTCTCTTACCACCCTGGCTGTGATGGGAACGGTCCCGGGCACTGGGAGCATACAGATGTCTGAAATTAGTGTGACCTCGTTCACTGGGTGTAGTGTGAAGCAGGCAGAGGACAGATTCTAGCTTTTCAAGGAAAAATGCTGCTTCTCCTCCCAGCGTGTGTATCCGACTCTAAGCTGTGTGCAGG
MVPFEYRGEQHKTCMLNATSKFMEFYQDVKDWWLFGFYFCMPLVCTAIFYTLMTCEMLNRRNGSLRIALSEHLKQRREVAKTVFCLVVIFALCWFPLHLSRILKKTVYNEMDKNRCELLSFLLLMDYIGINLATMNSCINPIALYFVSKKFKNCFQSCLCCCCYQSKSLMTSVPMNGTSIQWKNHDQNNHNTDRSSHKDSMN,GAGTATCTGGATGTCTTGGATTTTCTTCCCATTCTGTTCTGTTCTGTTCTCCTAATACCATCTCGTTACTAGACGTAGGCATTGGACGTGACAATCAACTGCATTTGAACTGAGAAGAAGAAATATTAAAGACACAGTCTTCAGAAGAAATGGCTCAAAGGCAGCCTCACTCACCTAATCAGACTTTAATTTCAATCACAAATGACACAGAATCATCAAGCTCTGTGGTTTCTAACGATAACACAAATAAAGGATGGAGCGGGGACAACTCTCCAGGAATAGAAGCATTGTGTGCCATCTATATTACTTATGCTGTGATCATTTCAGTGGGCATCCTTGGAAATGCTATTCTCATCAAAGTCTTTTTCAAGACCAAATCCATGCAAACAGTTCCAAATATTTTCATCACCAGCCTGGCTTTTGGAGATCTTTTACTTCTGCTAACTTGTGTGCCAGTGGATGCAACTCACTACCTTGCAGAAGGATGGCTGTTCGGAAGAATTGGTTGTAAGGTGCTCTCTTTCATCCGGCTCACTTCTGTTGGTGTGTCAGTGTTCACATTAACAATTCTCAGCGCTGACAGATACAAGGCAGTTGTGAAGCCACTTGAGCGACAGCCCTCCAATGCCATCCTGAAGACTTGTGTAAAAGCTGGCTGCGTCTGGATCGTGTCTATGATATTTGCTCTACCTGAGGCTATATTTTCAAATGTATACACTTTTCGAGATCCCAATAAAAATATGACATTTGAATCATGTACCTCTTATCCTGTCTCTAAGAAGCTCTTGCAAGAAATACATTCTCTGCTGTGCTTCTTAGTGTTCTACATTATTCCACTCTCTATTATCTCTGTCTACTATTCCTTGATTGCTAGGACCCTTTACAAAAGCACCCTGAACATACCTACTGAGGAACAAAGCCATGCCCGTAAGCAGATTGAATCCCGAAAGAGAATTGCCAGAACGGTATTGGTGTTGGTGGCTCTGTTTGCCCTCTGCTGGTTGCCAAATCACCTCCTGTACCTCTACCATTCATTCACTTCTCAAACCTATGTAGACCCCTCTGCCATGCATTTCATTTTCACCATTTTCTCTCGGGTTTTGGCTTTCAGCAATTCTTGCGTAAACCCCTTTGCTCTCTACTGGCTGAGCAAAAGCTTCCAGAAGCATTTTAAAGCTCAGTTGTTCTGTTGCAAGGCGGAGCGGCCTGAGCCTCCTGTTGCTGACACCTCTCTTACCACCCTGGCTGTGATGGGAACGGTCCCGGGCACTGGGAGCATACAGATGTCTGAAATTAGTGTGACCTCGTTCACTGGGTGTAGTGTGAAGCAGGCAGAGGACAGATTCTAGCTTTTCAAGGAAAAATGCTGCTTCTCCTCCCAGCGTGTGTATCCGACTCTAAGCTGTGTGCAGG
METLCLRASFWLALVGCVISDNPERYSTNLSNHVDDFTTFRGTELSFLVTTHQPTNLVLPSNGSMHNYCPQQTKITSAFKYINTVISCTIFIVGMVGNATLLRIIYQNKCMRNGPNALIASLALGDLIYVVIDLPINVFKFYQDVKDWWLFGFYFCMPLVCTAIFYTLMTCEMLNRRNGSLRIALSEHLKQRREVAKTVFCLVVIFALCWFPLHLSRILKKTVYNEMDKNRCELLSFLLLMDYIGINLATMNSCINPIALYFVSKKFKNCFQSCLCCCCYQSKSLMTSVPMNGTSIQWKNHDQNNHNTDRSSHKDSMN,GAGTATCTGGATGTCTTGGATTTTCTTCCCATTCTGTTCTGTTCTGTTCTCCTAATACCATCTCGTTACTAGACGTAGGCATTGGACGTGACAATCAACTGCATTTGAACTGAGAAGAAGAAATATTAAAGACACAGTCTTCAGAAGAAATGGCTCAAAGGCAGCCTCACTCACCTAATCAGACTTTAATTTCAATCACAAATGACACAGAATCATCAAGCTCTGTGGTTTCTAACGATAACACAAATAAAGGATGGAGCGGGGACAACTCTCCAGGAATAGAAGCATTGTGTGCCATCTATATTACTTATGCTGTGATCATTTCAGTGGGCATCCTTGGAAATGCTATTCTCATCAAAGTCTTTTTCAAGACCAAATCCATGCAAACAGTTCCAAATATTTTCATCACCAGCCTGGCTTTTGGAGATCTTTTACTTCTGCTAACTTGTGTGCCAGTGGATGCAACTCACTACCTTGCAGAAGGATGGCTGTTCGGAAGAATTGGTTGTAAGGTGCTCTCTTTCATCCGGCTCACTTCTGTTGGTGTGTCAGTGTTCACATTAACAATTCTCAGCGCTGACAGATACAAGGCAGTTGTGAAGCCACTTGAGCGACAGCCCTCCAATGCCATCCTGAAGACTTGTGTAAAAGCTGGCTGCGTCTGGATCGTGTCTATGATATTTGCTCTACCTGAGGCTATATTTTCAAATGTATACACTTTTCGAGATCCCAATAAAAATATGACATTTGAATCATGTACCTCTTATCCTGTCTCTAAGAAGCTCTTGCAAGAAATACATTCTCTGCTGTGCTTCTTAGTGTTCTACATTATTCCACTCTCTATTATCTCTGTCTACTATTCCTTGATTGCTAGGACCCTTTACAAAAGCACCCTGAACATACCTACTGAGGAACAAAGCCATGCCCGTAAGCAGATTGAATCCCGAAAGAGAATTGCCAGAACGGTATTGGTGTTGGTGGCTCTGTTTGCCCTCTGCTGGTTGCCAAATCACCTCCTGTACCTCTACCATTCATTCACTTCTCAAACCTATGTAGACCCCTCTGCCATGCATTTCATTTTCACCATTTTCTCTCGGGTTTTGGCTTTCAGCAATTCTTGCGTAAACCCCTTTGCTCTCTACTGGCTGAGCAAAAGCTTCCAGAAGCATTTTAAAGCTCAGTTGTTCTGTTGCAAGGCGGAGCGGCCTGAGCCTCCTGTTGCTGACACCTCTCTTACCACCCTGGCTGTGATGGGAACGGTCCCGGGCACTGGGAGCATACAGATGTCTGAAATTAGTGTGACCTCGTTCACTGGGTGTAGTGTGAAGCAGGCAGAGGACAGATTCTAGCTTTTCAAGGAAAAATGCTGCTTCTCCTCCCAGCGTGTGTATCCGACTCTAAGCTGTGTGCAGG
